ID,averageAge,sex,averageTime,averageRank,weightedAppearance,yearsOfParticipation,yearsSinceLastParticipation
4,17.5,1,6988.5,335.0,4,1,1
5,33.44444444444444,0,17608.555555555555,2309.222222222222,22,8,2
7,21.0,1,7341.5,410.5,4,1,2
9,52.0,1,17376.0,2023.0,4,1,2
