k,trainError,validError,class1,class0,class1Guess,class0Guess,m11,m00,m10,m01
2,774.2492708605737,712.4838597659663,290,9749,28,10011,17,9738,273,11
2,694.5344731010804,769.1387736279293,285,9754,75,9964,42,9721,243,33
