k,trainError,validError,class1,class0,class1Guess,class0Guess,m11,m00,m10,m01
2,1116.9364008851535,1046.1333746975538,363,9676,40,9999,30,9666,333,10
2,1028.532306015522,1113.4212913794313,356,9683,64,9975,32,9651,324,32
