k,trainError,validError,class1,class0,class1Guess,class0Guess,m11,m00,m10,m01
2,986.3656106134636,969.5425794700428,281,9758,29,10010,15,9744,266,14
2,963.6638284718479,984.6404741316169,286,9753,35,10004,24,9742,262,11
