k,overallSuccessPercent,overallErrorPercent,success,errorV,comingGuess,notComingGuess,successComing,successNotComing,actuallyCame,actuallyDidntCome
2,0.9712350597609561,0.028764940239043826,12189,361,0,12550,0,12189,361,12189
2,0.971394422310757,0.028605577689243027,12191,359,0,12550,0,12191,359,12191
