k,overallSuccessPercent,overallMistakePercent,correct,mistakes,comingGuess,notComingGuess,correctComing,mistakeComing,actuallyCame,actuallyDidntCome,error
2,0.9723505976095618,0.027649402390438248,12203,347,52,12498,26,12177,347,12203,1194.135947547754
2,0.9715537848605578,0.028446215139442232,12193,357,40,12510,28,12165,373,12177,1269.7978362005665
